
delete from MB_ID_GENERATOR;
insert into MB_ID_GENERATOR (id_type,next_id,id_cache_size) values ('SEQUENTIAL',  1000,10);
insert into MB_ID_GENERATOR (id_type,next_id,id_cache_size) values ('Filter',      100,2);
insert into MB_ID_GENERATOR (id_type,next_id,id_cache_size) values ('Grid',        30000,20);
insert into MB_ID_GENERATOR (id_type,next_id,id_cache_size) values ('Audit',       1,10);
insert into MB_ID_GENERATOR (id_type,next_id,id_cache_size) values ('RuleID',      10000, 20);

delete from MB_CBR_ATTRIBUTE_TYPE;
insert into MB_CBR_ATTRIBUTE_TYPE (attribute_type_id, symbol, display_name, default_match_contribution, default_mismatch_penalty,
	default_absence_penalty, default_value_range_id, ask_for_match_interval, ask_for_numeric_range) values
	(1, 'CBR:STRING', 'String', 100, 0, 0, 1, 0, 0);
insert into MB_CBR_ATTRIBUTE_TYPE (attribute_type_id, symbol, display_name, default_match_contribution, default_mismatch_penalty,
	default_absence_penalty, default_value_range_id, ask_for_match_interval, ask_for_numeric_range) values
	(2, 'CBR:SYMBOL', 'Symbol', 100, 0, 0, 1, 0, 0);
insert into MB_CBR_ATTRIBUTE_TYPE (attribute_type_id, symbol, display_name, default_match_contribution, default_mismatch_penalty,
	default_absence_penalty, default_value_range_id, ask_for_match_interval, ask_for_numeric_range) values
	(3, 'CBR:WORD', 'Word', 100, 0, 0, 1, 0, 0);
insert into MB_CBR_ATTRIBUTE_TYPE (attribute_type_id, symbol, display_name, default_match_contribution, default_mismatch_penalty,
	default_absence_penalty, default_value_range_id, ask_for_match_interval, ask_for_numeric_range) values
	(4, 'CBR:DIRECT-WORD', 'Direct Word', 100, 0, 0, 1, 0, 0);
insert into MB_CBR_ATTRIBUTE_TYPE (attribute_type_id, symbol, display_name, default_match_contribution, default_mismatch_penalty,
	default_absence_penalty, default_value_range_id, ask_for_match_interval, ask_for_numeric_range) values
	(5, 'CBR:FLAT-OBJECT', 'Flat Object', 100, 0, 0, 1, 0, 0);
insert into MB_CBR_ATTRIBUTE_TYPE (attribute_type_id, symbol, display_name, default_match_contribution, default_mismatch_penalty,
	default_absence_penalty, default_value_range_id, ask_for_match_interval, ask_for_numeric_range) values
	(6, 'CBR:OBJECT-PROXIMITY', 'Object Proximity', 100, 0, 0, 1, 0, 0);
insert into MB_CBR_ATTRIBUTE_TYPE (attribute_type_id, symbol, display_name, default_match_contribution, default_mismatch_penalty,
	default_absence_penalty, default_value_range_id, ask_for_match_interval, ask_for_numeric_range) values
	(7, 'CBR:RANGE', 'Numeric Range', 100, 0, 0, 4, 1, 1);

delete from MB_CBR_CASE_ACTION;
insert into MB_CBR_CASE_ACTION (case_action_id, symbol, display_name) values (1, 'CBR:WALK', 'Walk');
insert into MB_CBR_CASE_ACTION (case_action_id, symbol, display_name) values (2, 'CBR:RUN', 'Run');
insert into MB_CBR_CASE_ACTION (case_action_id, symbol, display_name) values (3, 'CBR:SWIM', 'Swim');
insert into MB_CBR_CASE_ACTION (case_action_id, symbol, display_name) values (4, 'CBR:BIKE', 'Bike');
insert into MB_CBR_CASE_ACTION (case_action_id, symbol, display_name) values (5, 'CBR:SKATE', 'Skate');
insert into MB_CBR_CASE_ACTION (case_action_id, symbol, display_name) values (6, 'CBR:SKI', 'Ski');

delete from MB_CBR_CASE_CLASS;
insert into MB_CBR_CASE_CLASS (case_class_id, symbol, display_name) values (1, 'CBR:AUTOGENERATED_CASE', 'Auto-generated');
insert into MB_CBR_CASE_CLASS (case_class_id, symbol, display_name) values (2, 'CBR:MANUALLYGENERATED_CASE', 'Manulally Generated');

delete from MB_CBR_SCORING_FUNCTION;
insert into MB_CBR_SCORING_FUNCTION (scoring_function_id, symbol, display_name) values (1, 'CBR:SCORE-WITH-PRESENTED-MAX', 'Presented Maximum');
insert into MB_CBR_SCORING_FUNCTION (scoring_function_id, symbol, display_name) values (2, 'CBR:SCORE-WITH-STORED-MAX', 'Stored Maximum');
insert into MB_CBR_SCORING_FUNCTION (scoring_function_id, symbol, display_name) values (3, 'CBR:SCORE-WITH-BOTH-MAX', 'Both Maximum');

delete from MB_CBR_VALUE_RANGE;
insert into MB_CBR_VALUE_RANGE (value_range_id, display_name, symbol, description, enumerated_values_allowed,
	anything_allowed, numeric_allowed, float_allowed, negative_allowed) 
	values (1, 'Anything', 'Blank', 'Any type of value can be matched',0,1,0,0,0);
insert into MB_CBR_VALUE_RANGE (value_range_id, display_name, symbol, description, enumerated_values_allowed,
	anything_allowed, numeric_allowed, float_allowed, negative_allowed) 
	values (2, 'Number', 'Number', 'Integer or floating point numbers can be matched',0,0,1,1,1);
insert into MB_CBR_VALUE_RANGE (value_range_id, display_name, symbol, description, enumerated_values_allowed,
	anything_allowed, numeric_allowed, float_allowed, negative_allowed) 
	values (3, 'Non-negative Number', 'Number>=0', 'Integer or floating point numbers greater than or equal to zero can be matched',0,0,1,1,0);
insert into MB_CBR_VALUE_RANGE (value_range_id, display_name, symbol, description, enumerated_values_allowed,
	anything_allowed, numeric_allowed, float_allowed, negative_allowed) 
	values (4, 'Integer', 'Integer', 'Integer numbers can be matched',0,0,1,0,1);
insert into MB_CBR_VALUE_RANGE (value_range_id, display_name, symbol, description, enumerated_values_allowed,
	anything_allowed, numeric_allowed, float_allowed, negative_allowed) 
	values (5, 'Non-negative Integer', 'Integer>=0', 'Integer numbers greater than or equal to zero can be matched',0,0,1,0,0);
insert into MB_CBR_VALUE_RANGE (value_range_id, display_name, symbol, description, enumerated_values_allowed,
	anything_allowed, numeric_allowed, float_allowed, negative_allowed) 
	values (6, 'Value Set', 'Enumerated', 'Values from a specified set can be matched',1,0,0,0,0);

delete from MB_PRIVILEGE;

insert into MB_PRIVILEGE (privilege_id,privilege_name,display_string,privilege_type) values (11,'Deploy','Deploy',0);
insert into MB_PRIVILEGE (privilege_id,privilege_name,display_string,privilege_type) values (12,'ManageUsers','Manage Users',0);
insert into MB_PRIVILEGE (privilege_id,privilege_name,display_string,privilege_type) values (21,'ManageGuidelineActions','Manage Guideline Actions',0);
insert into MB_PRIVILEGE (privilege_id,privilege_name,display_string,privilege_type) values (23,'ManageCBR','Manage CBR',0);
insert into MB_PRIVILEGE (privilege_id,privilege_name,display_string,privilege_type) values (29,'ManageConfiguration','Manage PowerEditor Configuration',0);
insert into MB_PRIVILEGE (privilege_id,privilege_name,display_string,privilege_type) values (32,'ExportData','Export Data',0);
insert into MB_PRIVILEGE (privilege_id,privilege_name,display_string,privilege_type) values (33,'ViewReport','View Report',0);
insert into MB_PRIVILEGE (privilege_id,privilege_name,display_string,privilege_type) values (41,'ManageParameters','Manage Parameters',0);
insert into MB_PRIVILEGE (privilege_id,privilege_name,display_string,privilege_type) values (42,'ManageDateSynonym','Manage Date Synonyms',0);
insert into MB_PRIVILEGE (privilege_id,privilege_name,display_string,privilege_type) values (61,'ManageRequestType','Manage Request Type',0);
insert into MB_PRIVILEGE (privilege_id,privilege_name,display_string,privilege_type) values (62,'ManagePhase','Manage Phase',0);
insert into MB_PRIVILEGE (privilege_id,privilege_name,display_string,privilege_type) values (60,'EditProductionData','Edit Production Data',0);
insert into MB_PRIVILEGE (privilege_id,privilege_name,display_string,privilege_type) values (91,'AccessWebService','Access WebService API',0);

delete from MB_ROLE;
insert into MB_ROLE (role_id,role_name) values (0,'Viewer');
insert into MB_ROLE (role_id,role_name) values (13,'SuperUser');
insert into MB_ROLE (role_id,role_name) values (100,'Guideline Manager');
insert into MB_ROLE (role_id,role_name) values (101,'Application Consultant');
insert into MB_ROLE (role_id,role_name) values (102,'Guideline And Template Manager');

delete from MB_ROLE_PRIVILEGE;
insert into MB_ROLE_PRIVILEGE (privilege_id,role_id) values (16,0);
insert into MB_ROLE_PRIVILEGE (privilege_id,role_id) values (20,0);
insert into MB_ROLE_PRIVILEGE (privilege_id,role_id) values (2,0);
insert into MB_ROLE_PRIVILEGE (privilege_id,role_id) values (6,0);
insert into MB_ROLE_PRIVILEGE (privilege_id,role_id) values (33,0);
insert into MB_ROLE_PRIVILEGE (privilege_id,role_id) values (11,100);
insert into MB_ROLE_PRIVILEGE (privilege_id,role_id) values (8,100);
insert into MB_ROLE_PRIVILEGE (privilege_id,role_id) values (15,100);
insert into MB_ROLE_PRIVILEGE (privilege_id,role_id) values (19,100);
insert into MB_ROLE_PRIVILEGE (privilege_id,role_id) values (14,100);
insert into MB_ROLE_PRIVILEGE (privilege_id,role_id) values (1,100);
insert into MB_ROLE_PRIVILEGE (privilege_id,role_id) values (5,100);
insert into MB_ROLE_PRIVILEGE (privilege_id,role_id) values (32,100);
insert into MB_ROLE_PRIVILEGE (privilege_id,role_id) values (23,100);
insert into MB_ROLE_PRIVILEGE (privilege_id,role_id) values (29,100);
insert into MB_ROLE_PRIVILEGE (privilege_id,role_id) values (42,100);
insert into MB_ROLE_PRIVILEGE (privilege_id,role_id) values (21,100);
insert into MB_ROLE_PRIVILEGE (privilege_id,role_id) values (41,100);
insert into MB_ROLE_PRIVILEGE (privilege_id,role_id) values (62,100);
insert into MB_ROLE_PRIVILEGE (privilege_id,role_id) values (61,100);
insert into MB_ROLE_PRIVILEGE (privilege_id,role_id) values (13,100);
insert into MB_ROLE_PRIVILEGE (privilege_id,role_id) values (12,100);
insert into MB_ROLE_PRIVILEGE (privilege_id,role_id) values (33,100);
insert into MB_ROLE_PRIVILEGE (privilege_id,role_id) values (16,100);
insert into MB_ROLE_PRIVILEGE (privilege_id,role_id) values (20,100);
insert into MB_ROLE_PRIVILEGE (privilege_id,role_id) values (2,100);
insert into MB_ROLE_PRIVILEGE (privilege_id,role_id) values (6,100);
insert into MB_ROLE_PRIVILEGE (privilege_id,role_id) values (11,101);
insert into MB_ROLE_PRIVILEGE (privilege_id,role_id) values (8,101);
insert into MB_ROLE_PRIVILEGE (privilege_id,role_id) values (15,101);
insert into MB_ROLE_PRIVILEGE (privilege_id,role_id) values (19,101);
insert into MB_ROLE_PRIVILEGE (privilege_id,role_id) values (14,101);
insert into MB_ROLE_PRIVILEGE (privilege_id,role_id) values (1,101);
insert into MB_ROLE_PRIVILEGE (privilege_id,role_id) values (5,101);
insert into MB_ROLE_PRIVILEGE (privilege_id,role_id) values (32,101);
insert into MB_ROLE_PRIVILEGE (privilege_id,role_id) values (23,101);
insert into MB_ROLE_PRIVILEGE (privilege_id,role_id) values (29,101);
insert into MB_ROLE_PRIVILEGE (privilege_id,role_id) values (42,101);
insert into MB_ROLE_PRIVILEGE (privilege_id,role_id) values (21,101);
insert into MB_ROLE_PRIVILEGE (privilege_id,role_id) values (41,101);
insert into MB_ROLE_PRIVILEGE (privilege_id,role_id) values (62,101);
insert into MB_ROLE_PRIVILEGE (privilege_id,role_id) values (61,101);
insert into MB_ROLE_PRIVILEGE (privilege_id,role_id) values (13,101);
insert into MB_ROLE_PRIVILEGE (privilege_id,role_id) values (12,101);
insert into MB_ROLE_PRIVILEGE (privilege_id,role_id) values (33,101);
insert into MB_ROLE_PRIVILEGE (privilege_id,role_id) values (16,101);
insert into MB_ROLE_PRIVILEGE (privilege_id,role_id) values (20,101);
insert into MB_ROLE_PRIVILEGE (privilege_id,role_id) values (2,101);
insert into MB_ROLE_PRIVILEGE (privilege_id,role_id) values (6,101);
insert into MB_ROLE_PRIVILEGE (privilege_id,role_id) values (11,102);
insert into MB_ROLE_PRIVILEGE (privilege_id,role_id) values (8,102);
insert into MB_ROLE_PRIVILEGE (privilege_id,role_id) values (15,102);
insert into MB_ROLE_PRIVILEGE (privilege_id,role_id) values (19,102);
insert into MB_ROLE_PRIVILEGE (privilege_id,role_id) values (14,102);
insert into MB_ROLE_PRIVILEGE (privilege_id,role_id) values (1,102);
insert into MB_ROLE_PRIVILEGE (privilege_id,role_id) values (5,102);
insert into MB_ROLE_PRIVILEGE (privilege_id,role_id) values (32,102);
insert into MB_ROLE_PRIVILEGE (privilege_id,role_id) values (23,102);
insert into MB_ROLE_PRIVILEGE (privilege_id,role_id) values (29,102);
insert into MB_ROLE_PRIVILEGE (privilege_id,role_id) values (42,102);
insert into MB_ROLE_PRIVILEGE (privilege_id,role_id) values (41,102);
insert into MB_ROLE_PRIVILEGE (privilege_id,role_id) values (62,102);
insert into MB_ROLE_PRIVILEGE (privilege_id,role_id) values (61,102);
insert into MB_ROLE_PRIVILEGE (privilege_id,role_id) values (13,102);
insert into MB_ROLE_PRIVILEGE (privilege_id,role_id) values (12,102);
insert into MB_ROLE_PRIVILEGE (privilege_id,role_id) values (33,102);
insert into MB_ROLE_PRIVILEGE (privilege_id,role_id) values (16,102);
insert into MB_ROLE_PRIVILEGE (privilege_id,role_id) values (20,102);
insert into MB_ROLE_PRIVILEGE (privilege_id,role_id) values (2,102);
insert into MB_ROLE_PRIVILEGE (privilege_id,role_id) values (6,102);
insert into MB_ROLE_PRIVILEGE (privilege_id,role_id) values (11,13);
insert into MB_ROLE_PRIVILEGE (privilege_id,role_id) values (8,13);
insert into MB_ROLE_PRIVILEGE (privilege_id,role_id) values (15,13);
insert into MB_ROLE_PRIVILEGE (privilege_id,role_id) values (19,13);
insert into MB_ROLE_PRIVILEGE (privilege_id,role_id) values (14,13);
insert into MB_ROLE_PRIVILEGE (privilege_id,role_id) values (1,13);
insert into MB_ROLE_PRIVILEGE (privilege_id,role_id) values (5,13);
insert into MB_ROLE_PRIVILEGE (privilege_id,role_id) values (32,13);
insert into MB_ROLE_PRIVILEGE (privilege_id,role_id) values (23,13);
insert into MB_ROLE_PRIVILEGE (privilege_id,role_id) values (29,13);
insert into MB_ROLE_PRIVILEGE (privilege_id,role_id) values (42,13);
insert into MB_ROLE_PRIVILEGE (privilege_id,role_id) values (41,13);
insert into MB_ROLE_PRIVILEGE (privilege_id,role_id) values (62,13);
insert into MB_ROLE_PRIVILEGE (privilege_id,role_id) values (61,13);
insert into MB_ROLE_PRIVILEGE (privilege_id,role_id) values (12,13);
insert into MB_ROLE_PRIVILEGE (privilege_id,role_id) values (33,13);
insert into MB_ROLE_PRIVILEGE (privilege_id,role_id) values (16,13);
insert into MB_ROLE_PRIVILEGE (privilege_id,role_id) values (20,13);
insert into MB_ROLE_PRIVILEGE (privilege_id,role_id) values (2,13);
insert into MB_ROLE_PRIVILEGE (privilege_id,role_id) values (6,13);
insert into MB_ROLE_PRIVILEGE (privilege_id,role_id) values (91,13);

delete from MB_USER_ACCOUNT;
insert into MB_USER_ACCOUNT (account_id,name,status,reset_password,failed_login_counter) values ('demo','demo user','Active',0,0);

delete from MB_USER_PASSWORD;
insert into MB_USER_PASSWORD (account_id,password) values ('demo','fe1ce2a7fbac8fafaed7c982a4e229');

delete from MB_USER_ROLE;
insert into MB_USER_ROLE (account_id,role_id) values ('demo',100);

DELETE FROM MB_TYPE_ENUM;
INSERT INTO MB_TYPE_ENUM (enum_type,enum_id,enum_value,enum_disp_label) VALUES ('product.amortization_type',1,'ARM','ARM');
INSERT INTO MB_TYPE_ENUM (enum_type,enum_id,enum_value,enum_disp_label) VALUES ('product.amortization_type',2,'Fixed','Fixed');
INSERT INTO MB_TYPE_ENUM (enum_type,enum_id,enum_value,enum_disp_label) VALUES ('product.amortization_type',3,'Hybrid','Hybrid');
INSERT INTO MB_TYPE_ENUM (enum_type,enum_id,enum_value,enum_disp_label) VALUES ('product.amortization_type',4,'NegAm','NegAm');
INSERT INTO MB_TYPE_ENUM (enum_type,enum_id,enum_value,enum_disp_label) VALUES ('product.loan_type',1,'Conforming','Conforming');
INSERT INTO MB_TYPE_ENUM (enum_type,enum_id,enum_value,enum_disp_label) VALUES ('product.loan_type',2,'Jumbo','Jumbo');
INSERT INTO MB_TYPE_ENUM (enum_type,enum_id,enum_value,enum_disp_label) VALUES ('product.loan_type',3,'FNMA','FNMA');
INSERT INTO MB_TYPE_ENUM (enum_type,enum_id,enum_value,enum_disp_label) VALUES ('product.documentation_type',1,'Full','Full');
INSERT INTO MB_TYPE_ENUM (enum_type,enum_id,enum_value,enum_disp_label) VALUES ('product.arm_index_name',1,'CMT','CMT');
INSERT INTO MB_TYPE_ENUM (enum_type,enum_id,enum_value,enum_disp_label) VALUES ('product.arm_index_name',2,'COFI','COFI');
INSERT INTO MB_TYPE_ENUM (enum_type,enum_id,enum_value,enum_disp_label) VALUES ('product.arm_index_name',3,'LIBOR','LIBOR');
INSERT INTO MB_TYPE_ENUM (enum_type,enum_id,enum_value,enum_disp_label) VALUES ('product.arm_index_name',4,'MTA','MTA');
INSERT INTO MB_TYPE_ENUM (enum_type,enum_id,enum_value,enum_disp_label) VALUES ('product.assumption_type', 1, '0', 'None');
INSERT INTO MB_TYPE_ENUM (enum_type,enum_id,enum_value,enum_disp_label) VALUES ('product.assumption_type', 2, '1', 'Subject To Conditions');
INSERT INTO MB_TYPE_ENUM (enum_type,enum_id,enum_value,enum_disp_label) VALUES ('product.assumption_type', 3, '2', 'Not Subject To Conditions');
INSERT INTO MB_TYPE_ENUM (enum_type,enum_id,enum_value,enum_disp_label) VALUES ('product.calculation_type', 1, '0', 'Fixed - Conventional');
INSERT INTO MB_TYPE_ENUM (enum_type,enum_id,enum_value,enum_disp_label) VALUES ('product.calculation_type', 2, '1', 'Fixed - biweekly');
INSERT INTO MB_TYPE_ENUM (enum_type,enum_id,enum_value,enum_disp_label) VALUES ('product.calculation_type', 3, '2', 'Fixed - FHA 203');
INSERT INTO MB_TYPE_ENUM (enum_type,enum_id,enum_value,enum_disp_label) VALUES ('product.calculation_type', 4, '3', 'Fixed - VA');
INSERT INTO MB_TYPE_ENUM (enum_type,enum_id,enum_value,enum_disp_label) VALUES ('product.calculation_type', 5, '4', 'Arm - Conventional');
INSERT INTO MB_TYPE_ENUM (enum_type,enum_id,enum_value,enum_disp_label) VALUES ('product.calculation_type', 6, '5', 'Arm - biweekly');
INSERT INTO MB_TYPE_ENUM (enum_type,enum_id,enum_value,enum_disp_label) VALUES ('product.calculation_type', 7, '6', 'Arm - FHA');
INSERT INTO MB_TYPE_ENUM (enum_type,enum_id,enum_value,enum_disp_label) VALUES ('product.calculation_type', 8, '7', 'Arm - VA');
INSERT INTO MB_TYPE_ENUM (enum_type,enum_id,enum_value,enum_disp_label) VALUES ('product.calculation_type', 9, '8', 'GPM - Conventional');
INSERT INTO MB_TYPE_ENUM (enum_type,enum_id,enum_value,enum_disp_label) VALUES ('product.calculation_type', 10, '9', 'GPM - FHA 245');
INSERT INTO MB_TYPE_ENUM (enum_type,enum_id,enum_value,enum_disp_label) VALUES ('product.calculation_type', 11, '10', 'GPM - VA');
INSERT INTO MB_TYPE_ENUM (enum_type,enum_id,enum_value,enum_disp_label) VALUES ('product.calculation_type', 12, '11', 'Construction Only');
INSERT INTO MB_TYPE_ENUM (enum_type,enum_id,enum_value,enum_disp_label) VALUES ('product.calculation_type', 13, '12', 'Equity - Revolving');
INSERT INTO MB_TYPE_ENUM (enum_type,enum_id,enum_value,enum_disp_label) VALUES ('product.calculation_type', 14, '13', 'Equity - Installment');
INSERT INTO MB_TYPE_ENUM (enum_type,enum_id,enum_value,enum_disp_label) VALUES ('product.late_charge_method', 1, '1', 'Set Late Charge Amount');
INSERT INTO MB_TYPE_ENUM (enum_type,enum_id,enum_value,enum_disp_label) VALUES ('product.late_charge_method', 2, '2', 'Percent');
INSERT INTO MB_TYPE_ENUM (enum_type,enum_id,enum_value,enum_disp_label) VALUES ('product.prepaid_int_factor', 1, '0', '0');
INSERT INTO MB_TYPE_ENUM (enum_type,enum_id,enum_value,enum_disp_label) VALUES ('product.prepaid_int_factor', 2, '360', '360');
INSERT INTO MB_TYPE_ENUM (enum_type,enum_id,enum_value,enum_disp_label) VALUES ('product.prepaid_int_factor', 3, '365', '365');
INSERT INTO MB_TYPE_ENUM (enum_type,enum_id,enum_value,enum_disp_label) VALUES ('product.security_type', 1, '1', 'The goods or property being purchased');
INSERT INTO MB_TYPE_ENUM (enum_type,enum_id,enum_value,enum_disp_label) VALUES ('product.security_type', 2, '2', 'Funds on deposit with lender');
INSERT INTO MB_TYPE_ENUM (enum_type,enum_id,enum_value,enum_disp_label) VALUES ('product.security_type', 3, '3', 'Real property');
INSERT INTO MB_TYPE_ENUM (enum_type,enum_id,enum_value,enum_disp_label) VALUES ('product.security_type', 4, '4', 'Personal property other than household goods');
INSERT INTO MB_TYPE_ENUM (enum_type,enum_id,enum_value,enum_disp_label) VALUES ('product.security_type', 5, '5', 'Right of setoff');
INSERT INTO MB_TYPE_ENUM (enum_type,enum_id,enum_value,enum_disp_label) VALUES ('product.security_type', 6, '6', 'Land contract on real property');
INSERT INTO MB_TYPE_ENUM (enum_type,enum_id,enum_value,enum_disp_label) VALUES ('product.security_type', 7, '7', 'Other');
INSERT INTO MB_TYPE_ENUM (enum_type,enum_id,enum_value,enum_disp_label) VALUES ('program.code', 1, '100', 'Program 100 Class');
INSERT INTO MB_TYPE_ENUM (enum_type,enum_id,enum_value,enum_disp_label) VALUES ('program.code', 2, '200', 'Program 200 Class');

INSERT INTO MB_TYPE_ENUM (enum_type,enum_id,enum_value,enum_disp_label) VALUES ('system.status',1,'Draft','Draft');
INSERT INTO MB_TYPE_ENUM (enum_type,enum_id,enum_value,enum_disp_label) VALUES ('system.status',2,'Dev Test','Dev Test');
INSERT INTO MB_TYPE_ENUM (enum_type,enum_id,enum_value,enum_disp_label) VALUES ('system.status',3,'QA Alpha','QA Alpha');
INSERT INTO MB_TYPE_ENUM (enum_type,enum_id,enum_value,enum_disp_label) VALUES ('system.status',4,'QA Beta','QA Beta');
INSERT INTO MB_TYPE_ENUM (enum_type,enum_id,enum_value,enum_disp_label) VALUES ('system.status',5,'Production','Production');

INSERT INTO MB_AUDIT_TYPE (audit_type_id,description) VALUES (1,'Logon');
INSERT INTO MB_AUDIT_TYPE (audit_type_id,description) VALUES (2,'Logoff');
INSERT INTO MB_AUDIT_TYPE (audit_type_id,description) VALUES (3,'Server Startup');
INSERT INTO MB_AUDIT_TYPE (audit_type_id,description) VALUES (4,'Server Shutdown');
INSERT INTO MB_AUDIT_TYPE (audit_type_id,description) VALUES (5,'KB Modification');
